tema,pregunta,respuesta,nivel_riesgo
EJEMPLO - LA DOCTORA DEBE VALIDAR CADA FILA ANTES DE USARLA,,,
Labios - ácido hialurónico,¿Es normal que el labio esté hinchado?,"Sí, la inflamación es esperable los primeros días y baja por completo entre el día 7 y el 14. Aplica frío y duerme con la cabeza un poco elevada.",bajo
Labios - ácido hialurónico,¿Puedo tomar café o bebidas calientes?,"Espera 24 horas antes de tomar bebidas muy calientes y no uses pajilla durante 48 horas.",bajo
Labios - ácido hialurónico,Siento pequeños bultitos al tocar el labio,"Puede ser parte del proceso de integración del producto. No lo masajees por tu cuenta y avísanos para que la doctora lo revise.",medio
Labios - ácido hialurónico,La piel del labio se ve blanca o morada,"Esto requiere revisión inmediata de la doctora. Te contactamos ya.",alto
Toxina botulínica,¿Cuándo veré el resultado?,"El efecto empieza a notarse entre el día 3 y el 5 y el resultado completo se ve alrededor del día 14.",bajo
Toxina botulínica,¿Puedo acostarme después de la aplicación?,"Mantente erguida las primeras 4 horas y no masajees la zona.",bajo
Toxina botulínica,Se me cae el párpado,"Avísanos para que la doctora te valore. Es poco frecuente y temporal, pero debe revisarse.",medio
Bioestimuladores de colágeno,¿Cuándo se nota el cambio?,"El colágeno se forma de manera gradual: los cambios se notan entre la semana 6 y la 12.",bajo
General,¿Puedo hacer ejercicio?,"Evita el ejercicio intenso durante las primeras 48 horas después de tu tratamiento.",bajo
General,Tengo fiebre o la zona está caliente y muy roja,"Esto necesita valoración de la doctora hoy mismo. Te contactamos.",alto
